[{"pk": 1, "model": "contenttypes.contenttype", "fields": {"model": "permission", "name": "permission", "app_label": "auth"}}, {"pk": 2, "model": "contenttypes.contenttype", "fields": {"model": "group", "name": "group", "app_label": "auth"}}, {"pk": 3, "model": "contenttypes.contenttype", "fields": {"model": "user", "name": "user", "app_label": "auth"}}, {"pk": 4, "model": "contenttypes.contenttype", "fields": {"model": "contenttype", "name": "content type", "app_label": "contenttypes"}}, {"pk": 5, "model": "contenttypes.contenttype", "fields": {"model": "session", "name": "session", "app_label": "sessions"}}, {"pk": 6, "model": "contenttypes.contenttype", "fields": {"model": "site", "name": "site", "app_label": "sites"}}, {"pk": 7, "model": "contenttypes.contenttype", "fields": {"model": "logentry", "name": "log entry", "app_label": "admin"}}, {"pk": 8, "model": "contenttypes.contenttype", "fields": {"model": "metadata", "name": "meta data", "app_label": "database"}}, {"pk": 9, "model": "contenttypes.contenttype", "fields": {"model": "course", "name": "course", "app_label": "database"}}, {"pk": 10, "model": "contenttypes.contenttype", "fields": {"model": "module", "name": "module", "app_label": "database"}}, {"pk": 11, "model": "contenttypes.contenttype", "fields": {"model": "student", "name": "student", "app_label": "database"}}, {"pk": 12, "model": "contenttypes.contenttype", "fields": {"model": "performance", "name": "performance", "app_label": "database"}}, {"pk": 13, "model": "contenttypes.contenttype", "fields": {"model": "anonymousmarks", "name": "anonymous marks", "app_label": "database"}}, {"pk": 14, "model": "contenttypes.contenttype", "fields": {"model": "tutee_session", "name": "tutee_ session", "app_label": "database"}}, {"pk": 15, "model": "contenttypes.contenttype", "fields": {"model": "marksheet", "name": "marksheet", "app_label": "feedback"}}, {"pk": 16, "model": "contenttypes.contenttype", "fields": {"model": "feedbackcategories", "name": "feedback categories", "app_label": "feedback"}}, {"pk": "0du7a745wtt3tpmqty7xiptqhvxnj0u5", "model": "sessions.session", "fields": {"expire_date": "2013-10-05T12:04:43.392Z", "session_data": "YmFlZmU5ZDI0NTJhMWQ1N2VmZTdmYmQxMzZmMWI3ZmE2Y2RjMjVhZTqAAn1xAS4="}}, {"pk": "i1ur8ds9ssnlp4n5x0yify9d642c7kuw", "model": "sessions.session", "fields": {"expire_date": "2013-10-05T12:27:17.273Z", "session_data": "YmFlZmU5ZDI0NTJhMWQ1N2VmZTdmYmQxMzZmMWI3ZmE2Y2RjMjVhZTqAAn1xAS4="}}, {"pk": "idrqyawbijbkn28764nghmghy4lb682r", "model": "sessions.session", "fields": {"expire_date": "2013-08-28T10:49:26.743Z", "session_data": "YmFlZmU5ZDI0NTJhMWQ1N2VmZTdmYmQxMzZmMWI3ZmE2Y2RjMjVhZTqAAn1xAS4="}}, {"pk": "kkuhze019xp931azyo0tychujinfijz6", "model": "sessions.session", "fields": {"expire_date": "2013-10-06T11:31:20.991Z", "session_data": "OTNlYWVlMWRhMmY1YTVkNzIwMzQzYThjNjA5ZDNiNzgyMTI2NjE2ODqAAn1xAShVEl9hdXRoX3VzZXJfYmFja2VuZHECVSlkamFuZ28uY29udHJpYi5hdXRoLmJhY2tlbmRzLk1vZGVsQmFja2VuZHEDVQ1fYXV0aF91c2VyX2lkcQRLAXUu"}}, {"pk": "qwg63nbyvggvt8ww62r74vf1w3gn00xe", "model": "sessions.session", "fields": {"expire_date": "2013-08-28T10:36:20.325Z", "session_data": "YmFlZmU5ZDI0NTJhMWQ1N2VmZTdmYmQxMzZmMWI3ZmE2Y2RjMjVhZTqAAn1xAS4="}}, {"pk": "zlux828bgh1seeoba0t9mf72f8u0emkx", "model": "sessions.session", "fields": {"expire_date": "2013-10-05T12:05:24.158Z", "session_data": "YmFlZmU5ZDI0NTJhMWQ1N2VmZTdmYmQxMzZmMWI3ZmE2Y2RjMjVhZTqAAn1xAS4="}}, {"pk": 1, "model": "sites.site", "fields": {"domain": "example.com", "name": "example.com"}}, {"pk": 1, "model": "database.metadata", "fields": {"current_year": 2013, "data_id": 1}}, {"pk": 1, "model": "database.course", "fields": {"title": "LLB (Hons) Bachelor Of Law With Criminology"}}, {"pk": 2, "model": "database.course", "fields": {"title": "LLB (Hons) Bachelor Of Law"}}, {"pk": 3, "model": "database.course", "fields": {"title": "LLB (Hons) Bachelor Of Law With International Relations"}}, {"pk": 4, "model": "database.course", "fields": {"title": "LLB (Hons) Bachelor Of Law With Forensic Investigation"}}, {"pk": 5, "model": "database.course", "fields": {"title": "LLB (Hons) Bachelor Of Law With Business Studies"}}, {"pk": 6, "model": "database.course", "fields": {"title": "BSc (Hons) Legal Studies / Sport And Exercise Science"}}, {"pk": 7, "model": "database.course", "fields": {"title": "LLB (Hons) Bachelor Of Law With Sociology"}}, {"pk": 1, "model": "feedback.feedbackcategories", "fields": {"category_5_helptext": "", "group_weight": null, "category_4_helptext": "80+ excellent arrangement and development of material and argument, where the material has been handled with great dexterity. The work will be in excellent English and the presentation meticulous, with immaculate footnotes and extensive bibliography.\r\n70+ careful thought has been given to the arrangement and development of material and argument.  The work will be in excellent English with appropriate footnotes and comprehensive bibliography.\r\n60 - 69 adequate arrangement and development of material and argument.  The work will be in good English with appropriate footnotes and bibliography.\r\n50 - 59 effort to organise the material and argument.  The work will be in adequate English with reasonable footnoting and a bibliography.\r\n40 - 49 limited effort to organise the material and argument.  The work generally will be in satisfactory English but with limited footnoting and bibliography.\r\n30 - 39 very little effort at organising the material.  The work will show significant errors in English and have poor footnoting and bibliography.\r\nbelow 30 a lack of organisation of the material.  The work will show substantial errors in English and have very poor or a lack of footnoting and bibliography.", "category_1_helptext": "80+ extensive reading and exceptionally comprehensive knowledge.\r\n70+ wide reading and comprehensive knowledge.\r\n60 - 69 good range of reading and adequate knowledge.\r\n50 - 59 fair range of reading and reasonable knowledge.\r\n40 - 49 limited reading and incomplete knowledge.\r\nBelow 40 very limited reading and knowledge.\r\n", "assessment_type": "essay", "category_4": "Organisation and Presentation", "category_3": "Argument", "category_2": "Understanding and Analysis", "category_1": "Reading and Knowledge", "category_3_helptext": "80+ clear evidence of independent and original thought and the ability to defend a position logically and convincingly, with arguments presented that are sophisticated and highly challenging.\r\n70+ clear evidence of independent thought and the ability to defend a position logically and convincingly.\r\n60 - 69 evidence of thought with a well-developed argument.\r\n50 - 59 some evidence of thought with a serious attempt at an argument.\r\n40 - 49 limited thought and argument.\r\nBelow 40 very limited thought and very meagre argument.", "category_2_helptext": "80+ very full and perceptive awareness of issues, with original critical and analytical assessment of the issues and an excellent grasp of their wider significance.\r\n70+ full and perceptive awareness of issues and a clear grasp of their wider significance.\r\n60 - 69 adequate awareness of issues and a serious understanding of their wider significance.\r\n50 - 59 some awareness of issues and their wider significance.\r\n40 - 49 limited awareness of issues and their wider significance.\r\nBelow 40 very limited awareness of issues and of their wider significance.", "category_6": "", "category_6_helptext": "", "category_5": "", "group_component": false, "individual_weight": null}}, {"pk": 1, "model": "auth.permission", "fields": {"codename": "add_permission", "name": "Can add permission", "content_type": 1}}, {"pk": 2, "model": "auth.permission", "fields": {"codename": "change_permission", "name": "Can change permission", "content_type": 1}}, {"pk": 3, "model": "auth.permission", "fields": {"codename": "delete_permission", "name": "Can delete permission", "content_type": 1}}, {"pk": 4, "model": "auth.permission", "fields": {"codename": "add_group", "name": "Can add group", "content_type": 2}}, {"pk": 5, "model": "auth.permission", "fields": {"codename": "change_group", "name": "Can change group", "content_type": 2}}, {"pk": 6, "model": "auth.permission", "fields": {"codename": "delete_group", "name": "Can delete group", "content_type": 2}}, {"pk": 7, "model": "auth.permission", "fields": {"codename": "add_user", "name": "Can add user", "content_type": 3}}, {"pk": 8, "model": "auth.permission", "fields": {"codename": "change_user", "name": "Can change user", "content_type": 3}}, {"pk": 9, "model": "auth.permission", "fields": {"codename": "delete_user", "name": "Can delete user", "content_type": 3}}, {"pk": 10, "model": "auth.permission", "fields": {"codename": "add_contenttype", "name": "Can add content type", "content_type": 4}}, {"pk": 11, "model": "auth.permission", "fields": {"codename": "change_contenttype", "name": "Can change content type", "content_type": 4}}, {"pk": 12, "model": "auth.permission", "fields": {"codename": "delete_contenttype", "name": "Can delete content type", "content_type": 4}}, {"pk": 13, "model": "auth.permission", "fields": {"codename": "add_session", "name": "Can add session", "content_type": 5}}, {"pk": 14, "model": "auth.permission", "fields": {"codename": "change_session", "name": "Can change session", "content_type": 5}}, {"pk": 15, "model": "auth.permission", "fields": {"codename": "delete_session", "name": "Can delete session", "content_type": 5}}, {"pk": 16, "model": "auth.permission", "fields": {"codename": "add_site", "name": "Can add site", "content_type": 6}}, {"pk": 17, "model": "auth.permission", "fields": {"codename": "change_site", "name": "Can change site", "content_type": 6}}, {"pk": 18, "model": "auth.permission", "fields": {"codename": "delete_site", "name": "Can delete site", "content_type": 6}}, {"pk": 19, "model": "auth.permission", "fields": {"codename": "add_logentry", "name": "Can add log entry", "content_type": 7}}, {"pk": 20, "model": "auth.permission", "fields": {"codename": "change_logentry", "name": "Can change log entry", "content_type": 7}}, {"pk": 21, "model": "auth.permission", "fields": {"codename": "delete_logentry", "name": "Can delete log entry", "content_type": 7}}, {"pk": 22, "model": "auth.permission", "fields": {"codename": "add_metadata", "name": "Can add meta data", "content_type": 8}}, {"pk": 23, "model": "auth.permission", "fields": {"codename": "change_metadata", "name": "Can change meta data", "content_type": 8}}, {"pk": 24, "model": "auth.permission", "fields": {"codename": "delete_metadata", "name": "Can delete meta data", "content_type": 8}}, {"pk": 25, "model": "auth.permission", "fields": {"codename": "add_course", "name": "Can add course", "content_type": 9}}, {"pk": 26, "model": "auth.permission", "fields": {"codename": "change_course", "name": "Can change course", "content_type": 9}}, {"pk": 27, "model": "auth.permission", "fields": {"codename": "delete_course", "name": "Can delete course", "content_type": 9}}, {"pk": 28, "model": "auth.permission", "fields": {"codename": "add_module", "name": "Can add module", "content_type": 10}}, {"pk": 29, "model": "auth.permission", "fields": {"codename": "change_module", "name": "Can change module", "content_type": 10}}, {"pk": 30, "model": "auth.permission", "fields": {"codename": "delete_module", "name": "Can delete module", "content_type": 10}}, {"pk": 31, "model": "auth.permission", "fields": {"codename": "add_student", "name": "Can add student", "content_type": 11}}, {"pk": 32, "model": "auth.permission", "fields": {"codename": "change_student", "name": "Can change student", "content_type": 11}}, {"pk": 33, "model": "auth.permission", "fields": {"codename": "delete_student", "name": "Can delete student", "content_type": 11}}, {"pk": 34, "model": "auth.permission", "fields": {"codename": "add_performance", "name": "Can add performance", "content_type": 12}}, {"pk": 35, "model": "auth.permission", "fields": {"codename": "change_performance", "name": "Can change performance", "content_type": 12}}, {"pk": 36, "model": "auth.permission", "fields": {"codename": "delete_performance", "name": "Can delete performance", "content_type": 12}}, {"pk": 37, "model": "auth.permission", "fields": {"codename": "add_anonymousmarks", "name": "Can add anonymous marks", "content_type": 13}}, {"pk": 38, "model": "auth.permission", "fields": {"codename": "change_anonymousmarks", "name": "Can change anonymous marks", "content_type": 13}}, {"pk": 39, "model": "auth.permission", "fields": {"codename": "delete_anonymousmarks", "name": "Can delete anonymous marks", "content_type": 13}}, {"pk": 40, "model": "auth.permission", "fields": {"codename": "add_tutee_session", "name": "Can add tutee_ session", "content_type": 14}}, {"pk": 41, "model": "auth.permission", "fields": {"codename": "change_tutee_session", "name": "Can change tutee_ session", "content_type": 14}}, {"pk": 42, "model": "auth.permission", "fields": {"codename": "delete_tutee_session", "name": "Can delete tutee_ session", "content_type": 14}}, {"pk": 43, "model": "auth.permission", "fields": {"codename": "add_marksheet", "name": "Can add marksheet", "content_type": 15}}, {"pk": 44, "model": "auth.permission", "fields": {"codename": "change_marksheet", "name": "Can change marksheet", "content_type": 15}}, {"pk": 45, "model": "auth.permission", "fields": {"codename": "delete_marksheet", "name": "Can delete marksheet", "content_type": 15}}, {"pk": 46, "model": "auth.permission", "fields": {"codename": "add_feedbackcategories", "name": "Can add feedback categories", "content_type": 16}}, {"pk": 47, "model": "auth.permission", "fields": {"codename": "change_feedbackcategories", "name": "Can change feedback categories", "content_type": 16}}, {"pk": 48, "model": "auth.permission", "fields": {"codename": "delete_feedbackcategories", "name": "Can delete feedback categories", "content_type": 16}}, {"pk": 1, "model": "auth.group", "fields": {"name": "admins", "permissions": [19, 20, 21, 4, 5, 6, 1, 2, 3, 7, 8, 9, 10, 11, 12, 37, 38, 39, 25, 26, 27, 22, 23, 24, 28, 29, 30, 34, 35, 36, 31, 32, 33, 40, 41, 42, 46, 47, 48, 43, 44, 45, 13, 14, 15]}}, {"pk": 2, "model": "auth.group", "fields": {"name": "teachers", "permissions": [37, 38, 39, 25, 26, 27, 22, 23, 24, 28, 29, 30, 34, 35, 36, 31, 32, 33, 40, 41, 42]}}, {"pk": 1, "model": "auth.user", "fields": {"username": "tobi", "first_name": "Tobias", "last_name": "Kliem", "is_active": true, "is_superuser": true, "is_staff": true, "last_login": "2013-09-22T11:31:20.922Z", "groups": [1, 2], "user_permissions": [], "password": "pbkdf2_sha256$10000$1comoy7PuVcR$oc0RaJ8GSGiH+uzp7N8t3o9VlrGquDGUVLZekBiPC4k=", "email": "tobias.kliem@canterbury.ac.uk", "date_joined": "2013-08-14T10:36:06Z"}}, {"pk": 2, "model": "auth.user", "fields": {"username": "adaeze", "first_name": "Adaeze", "last_name": "Okoye", "is_active": true, "is_superuser": false, "is_staff": false, "last_login": "2013-09-22T11:09:24Z", "groups": [2], "user_permissions": [], "password": "pbkdf2_sha256$10000$5cGx7mH8emBE$pkxxwI7wabuDh3ShH23Wlfl+XIpoGPX7PxN4pjsBXtA=", "email": "adaeze.okoye@canterbury.ac.uk", "date_joined": "2013-09-22T11:09:24Z"}}, {"pk": 3, "model": "auth.user", "fields": {"username": "ben", "first_name": "Ben", "last_name": "Waters", "is_active": true, "is_superuser": false, "is_staff": false, "last_login": "2013-09-22T11:10:03Z", "groups": [2], "user_permissions": [], "password": "pbkdf2_sha256$10000$m8NL4DJ1SZO7$r14L0Roqztu8aHqXNSf+9/pe+mZaGvDbY3RECFQkiOw=", "email": "ben.waters@canterbury.ac.uk", "date_joined": "2013-09-22T11:10:03Z"}}, {"pk": 4, "model": "auth.user", "fields": {"username": "sharon", "first_name": "Sharon", "last_name": "Hanson", "is_active": true, "is_superuser": false, "is_staff": false, "last_login": "2013-09-22T11:17:11Z", "groups": [2], "user_permissions": [], "password": "pbkdf2_sha256$10000$L4uSmuuw0Xeh$qvUNK5UL/5MwzX61nzIvTGVhhIpv3zpAXTZD356fhkU=", "email": "sharon.hanson@canterbury.ac.uk", "date_joined": "2013-09-22T11:17:11Z"}}, {"pk": 5, "model": "auth.user", "fields": {"username": "kasim", "first_name": "Kasim", "last_name": "Sheikh", "is_active": true, "is_superuser": false, "is_staff": false, "last_login": "2013-09-22T11:18:06Z", "groups": [1, 2], "user_permissions": [], "password": "pbkdf2_sha256$10000$t3wYmwzdoQ9s$Z29wzW2+rITVBxAlbDhuctxse8rj11f+okuVN+8GEjU=", "email": "kasim.sheikh@canterbury.ac.uk", "date_joined": "2013-09-22T11:18:06Z"}}, {"pk": 6, "model": "auth.user", "fields": {"username": "ellen", "first_name": "Ellen", "last_name": "Gordon-Bouvier", "is_active": true, "is_superuser": false, "is_staff": false, "last_login": "2013-09-22T11:18:56Z", "groups": [2], "user_permissions": [], "password": "pbkdf2_sha256$10000$iVkBEION5QZN$rn731Yd/XyDcKG7R6h2X7zeoWS5SyLW+lk/87K42ajA=", "email": "ellen.gordon-bouvier@canterbury.ac.uk", "date_joined": "2013-09-22T11:18:56Z"}}, {"pk": 7, "model": "auth.user", "fields": {"username": "clare", "first_name": "Clare", "last_name": "Leon", "is_active": true, "is_superuser": false, "is_staff": false, "last_login": "2013-09-22T11:19:27Z", "groups": [2], "user_permissions": [], "password": "pbkdf2_sha256$10000$2JMPSIEI5RPo$vlbvYbuG0h3tNVPpxkdWKyvVySGSizJDAKEgS3spNeA=", "email": "clare.leon@canterbury.ac.uk", "date_joined": "2013-09-22T11:19:27Z"}}, {"pk": 8, "model": "auth.user", "fields": {"username": "john", "first_name": "John", "last_name": "Morgan", "is_active": true, "is_superuser": false, "is_staff": false, "last_login": "2013-09-22T11:20:05Z", "groups": [2], "user_permissions": [], "password": "pbkdf2_sha256$10000$Svb09A3yDi8f$+6LkMYpvjvM4PKFLZz5+KcZ/yimLIUbyo3iTYNCnKyA=", "email": "john.morgan@canterbury.ac.uk", "date_joined": "2013-09-22T11:20:05Z"}}, {"pk": 9, "model": "auth.user", "fields": {"username": "gowri", "first_name": "Gowri", "last_name": "Nanayakkara", "is_active": true, "is_superuser": false, "is_staff": false, "last_login": "2013-09-22T11:25:43Z", "groups": [2], "user_permissions": [], "password": "pbkdf2_sha256$10000$n8rP3dj35Xbs$qP5w+yS0z/bnlm/zCGUCFzjogUrsQnpdq7ICWy1m2b4=", "email": "gowri.nanayakkara@canterbury.ac.uk", "date_joined": "2013-09-22T11:25:43Z"}}, {"pk": 10, "model": "auth.user", "fields": {"username": "kos", "first_name": "Konstantinos", "last_name": "Siliafis", "is_active": true, "is_superuser": false, "is_staff": false, "last_login": "2013-09-22T11:28:32Z", "groups": [2], "user_permissions": [], "password": "pbkdf2_sha256$10000$gxQSbjGm64j0$ZUXiYspDc519ly10oRfPibT6oU7wSKMJrbK0hyv2wis=", "email": "konstantinos.siliafis@canterbury.ac.uk", "date_joined": "2013-09-22T11:28:32Z"}}, {"pk": 1, "model": "admin.logentry", "fields": {"action_flag": 1, "action_time": "2013-08-14T10:40:52.756Z", "object_repr": "admins", "object_id": "1", "change_message": "", "user": 1, "content_type": 2}}, {"pk": 2, "model": "admin.logentry", "fields": {"action_flag": 2, "action_time": "2013-08-14T10:41:16.109Z", "object_repr": "tobi", "object_id": "1", "change_message": "Changed password, first_name, last_name and groups.", "user": 1, "content_type": 3}}, {"pk": 3, "model": "admin.logentry", "fields": {"action_flag": 1, "action_time": "2013-08-14T10:41:51.457Z", "object_repr": "teachers", "object_id": "2", "change_message": "", "user": 1, "content_type": 2}}, {"pk": 4, "model": "admin.logentry", "fields": {"action_flag": 2, "action_time": "2013-08-14T10:42:58.979Z", "object_repr": "tobi", "object_id": "1", "change_message": "Changed password and groups.", "user": 1, "content_type": 3}}, {"pk": 5, "model": "admin.logentry", "fields": {"action_flag": 1, "action_time": "2013-08-14T10:43:09.910Z", "object_repr": "test", "object_id": "2", "change_message": "", "user": 1, "content_type": 3}}, {"pk": 6, "model": "admin.logentry", "fields": {"action_flag": 2, "action_time": "2013-08-14T10:43:48.484Z", "object_repr": "test", "object_id": "2", "change_message": "Changed password, first_name, last_name, email and groups.", "user": 1, "content_type": 3}}, {"pk": 7, "model": "admin.logentry", "fields": {"action_flag": 2, "action_time": "2013-09-21T12:06:14.973Z", "object_repr": "MetaData object", "object_id": "1", "change_message": "Changed current_year.", "user": 1, "content_type": 8}}, {"pk": 8, "model": "admin.logentry", "fields": {"action_flag": 2, "action_time": "2013-09-21T12:07:03.874Z", "object_repr": "admins", "object_id": "1", "change_message": "Changed permissions.", "user": 1, "content_type": 2}}, {"pk": 9, "model": "admin.logentry", "fields": {"action_flag": 1, "action_time": "2013-09-21T12:27:06.033Z", "object_repr": "essay", "object_id": "1", "change_message": "", "user": 1, "content_type": 16}}, {"pk": 10, "model": "admin.logentry", "fields": {"action_flag": 3, "action_time": "2013-09-22T11:09:08.704Z", "object_repr": "test", "object_id": "2", "change_message": "", "user": 1, "content_type": 3}}, {"pk": 11, "model": "admin.logentry", "fields": {"action_flag": 1, "action_time": "2013-09-22T11:09:24.843Z", "object_repr": "adaeze", "object_id": "2", "change_message": "", "user": 1, "content_type": 3}}, {"pk": 12, "model": "admin.logentry", "fields": {"action_flag": 2, "action_time": "2013-09-22T11:09:46.853Z", "object_repr": "adaeze", "object_id": "2", "change_message": "Changed password, first_name, last_name, email and groups.", "user": 1, "content_type": 3}}, {"pk": 13, "model": "admin.logentry", "fields": {"action_flag": 1, "action_time": "2013-09-22T11:10:03.252Z", "object_repr": "ben", "object_id": "3", "change_message": "", "user": 1, "content_type": 3}}, {"pk": 14, "model": "admin.logentry", "fields": {"action_flag": 2, "action_time": "2013-09-22T11:10:36.219Z", "object_repr": "ben", "object_id": "3", "change_message": "Changed password, first_name, last_name, email and groups.", "user": 1, "content_type": 3}}, {"pk": 15, "model": "admin.logentry", "fields": {"action_flag": 1, "action_time": "2013-09-22T11:17:11.527Z", "object_repr": "sharon", "object_id": "4", "change_message": "", "user": 1, "content_type": 3}}, {"pk": 16, "model": "admin.logentry", "fields": {"action_flag": 2, "action_time": "2013-09-22T11:17:34.333Z", "object_repr": "sharon", "object_id": "4", "change_message": "Changed password, first_name, last_name, email and groups.", "user": 1, "content_type": 3}}, {"pk": 17, "model": "admin.logentry", "fields": {"action_flag": 1, "action_time": "2013-09-22T11:18:06.505Z", "object_repr": "kasim", "object_id": "5", "change_message": "", "user": 1, "content_type": 3}}, {"pk": 18, "model": "admin.logentry", "fields": {"action_flag": 2, "action_time": "2013-09-22T11:18:30.069Z", "object_repr": "kasim", "object_id": "5", "change_message": "Changed password, first_name, last_name, email and groups.", "user": 1, "content_type": 3}}, {"pk": 19, "model": "admin.logentry", "fields": {"action_flag": 1, "action_time": "2013-09-22T11:18:57.086Z", "object_repr": "ellen", "object_id": "6", "change_message": "", "user": 1, "content_type": 3}}, {"pk": 20, "model": "admin.logentry", "fields": {"action_flag": 2, "action_time": "2013-09-22T11:19:13.712Z", "object_repr": "ellen", "object_id": "6", "change_message": "Changed password, first_name, last_name, email and groups.", "user": 1, "content_type": 3}}, {"pk": 21, "model": "admin.logentry", "fields": {"action_flag": 1, "action_time": "2013-09-22T11:19:27.532Z", "object_repr": "clare", "object_id": "7", "change_message": "", "user": 1, "content_type": 3}}, {"pk": 22, "model": "admin.logentry", "fields": {"action_flag": 2, "action_time": "2013-09-22T11:19:50.943Z", "object_repr": "clare", "object_id": "7", "change_message": "Changed password, first_name, last_name, email and groups.", "user": 1, "content_type": 3}}, {"pk": 23, "model": "admin.logentry", "fields": {"action_flag": 1, "action_time": "2013-09-22T11:20:05.844Z", "object_repr": "john", "object_id": "8", "change_message": "", "user": 1, "content_type": 3}}, {"pk": 24, "model": "admin.logentry", "fields": {"action_flag": 2, "action_time": "2013-09-22T11:20:22.489Z", "object_repr": "john", "object_id": "8", "change_message": "Changed password, first_name, last_name, email and groups.", "user": 1, "content_type": 3}}, {"pk": 25, "model": "admin.logentry", "fields": {"action_flag": 1, "action_time": "2013-09-22T11:25:43.615Z", "object_repr": "gowri", "object_id": "9", "change_message": "", "user": 1, "content_type": 3}}, {"pk": 26, "model": "admin.logentry", "fields": {"action_flag": 2, "action_time": "2013-09-22T11:26:02.837Z", "object_repr": "gowri", "object_id": "9", "change_message": "Changed password, first_name, last_name, email and groups.", "user": 1, "content_type": 3}}, {"pk": 27, "model": "admin.logentry", "fields": {"action_flag": 1, "action_time": "2013-09-22T11:28:32.243Z", "object_repr": "kos", "object_id": "10", "change_message": "", "user": 1, "content_type": 3}}, {"pk": 28, "model": "admin.logentry", "fields": {"action_flag": 2, "action_time": "2013-09-22T11:28:47.914Z", "object_repr": "kos", "object_id": "10", "change_message": "Changed password, first_name, last_name, email and groups.", "user": 1, "content_type": 3}}, {"pk": "ADU13077891", "model": "database.student", "fields": {"last_name": "Adu-Mfum", "home_address": "", "course": 1, "tier_4": false, "lsp": "", "year": 1, "permanent_email": "dorothyadumfum@yahoo.co.uk", "achieved_degree": null, "first_name": "Dorothy", "since": null, "highlighted": false, "tutor": null, "nalp": false, "email": "d.adu-mfum155@canterbury.ac.uk", "is_part_time": false, "problems": "", "belongs_to": null, "exam_id": null, "address": "", "active": true, "qld": false, "notes": "", "modules": [], "second_part_time_year": false, "phone_no": ""}}, {"pk": "AHM12072981", "model": "database.student", "fields": {"last_name": "Ahmed", "home_address": "", "course": 2, "tier_4": false, "lsp": "", "year": 1, "permanent_email": "Sonia_2@live.co.uk", "achieved_degree": null, "first_name": "Sonia", "since": null, "highlighted": false, "tutor": null, "nalp": false, "email": "s.ahmed409@canterbury.ac.uk", "is_part_time": false, "problems": "", "belongs_to": null, "exam_id": null, "address": "", "active": true, "qld": false, "notes": "", "modules": [], "second_part_time_year": false, "phone_no": ""}}, {"pk": "ALL13092316", "model": "database.student", "fields": {"last_name": "Allison", "home_address": "", "course": 2, "tier_4": false, "lsp": "", "year": 1, "permanent_email": "m.allison1@live.com", "achieved_degree": null, "first_name": "Matthew", "since": null, "highlighted": false, "tutor": null, "nalp": false, "email": "m.allison370@canterbury.ac.uk", "is_part_time": false, "problems": "", "belongs_to": null, "exam_id": null, "address": "", "active": true, "qld": false, "notes": "", "modules": [], "second_part_time_year": false, "phone_no": ""}}, {"pk": "APP13092682", "model": "database.student", "fields": {"last_name": "Appleton", "home_address": "", "course": 2, "tier_4": false, "lsp": "", "year": 1, "permanent_email": "zoelapple@me.com", "achieved_degree": null, "first_name": "Zoe", "since": null, "highlighted": false, "tutor": null, "nalp": false, "email": "z.appleton30@canterbury.ac.uk", "is_part_time": false, "problems": "", "belongs_to": null, "exam_id": null, "address": "", "active": true, "qld": false, "notes": "", "modules": [], "second_part_time_year": false, "phone_no": ""}}, {"pk": "AST13087693", "model": "database.student", "fields": {"last_name": "Astrada", "home_address": "", "course": 3, "tier_4": false, "lsp": "", "year": 1, "permanent_email": "seph06@live.co.uk", "achieved_degree": null, "first_name": "Tovar Eduardo", "since": null, "highlighted": false, "tutor": null, "nalp": false, "email": "t.e.astrada237@canterbury.ac.uk", "is_part_time": false, "problems": "", "belongs_to": null, "exam_id": null, "address": "", "active": true, "qld": false, "notes": "", "modules": [], "second_part_time_year": false, "phone_no": ""}}, {"pk": "AWA12067063", "model": "database.student", "fields": {"last_name": "Awan", "home_address": "", "course": 2, "tier_4": false, "lsp": "", "year": 1, "permanent_email": "saraawan@live.co.uk", "achieved_degree": null, "first_name": "Sara Tahir", "since": null, "highlighted": false, "tutor": null, "nalp": false, "email": "s.awan410@canterbury.ac.uk", "is_part_time": false, "problems": "", "belongs_to": null, "exam_id": null, "address": "", "active": true, "qld": false, "notes": "", "modules": [], "second_part_time_year": false, "phone_no": ""}}, {"pk": "BAS13092263", "model": "database.student", "fields": {"last_name": "Bassengue", "home_address": "", "course": 1, "tier_4": false, "lsp": "", "year": 1, "permanent_email": "larissatonye@gmail.com", "achieved_degree": null, "first_name": "Larissa Tonye", "since": null, "highlighted": false, "tutor": null, "nalp": false, "email": "l.t.bassengue597@canterbury.ac.uk", "is_part_time": false, "problems": "", "belongs_to": null, "exam_id": null, "address": "", "active": true, "qld": false, "notes": "", "modules": [], "second_part_time_year": false, "phone_no": ""}}, {"pk": "BIR13076974", "model": "database.student", "fields": {"last_name": "Birch", "home_address": "", "course": 4, "tier_4": false, "lsp": "", "year": 1, "permanent_email": "dannybirchy95@hotmail.co.uk", "achieved_degree": null, "first_name": "Danny", "since": null, "highlighted": false, "tutor": null, "nalp": false, "email": "d.birch407@canterbury.ac.uk", "is_part_time": false, "problems": "", "belongs_to": null, "exam_id": null, "address": "", "active": true, "qld": false, "notes": "", "modules": [], "second_part_time_year": false, "phone_no": ""}}, {"pk": "CHA08977591", "model": "database.student", "fields": {"last_name": "Chauhan", "home_address": "", "course": 2, "tier_4": false, "lsp": "", "year": 1, "permanent_email": "Zanesh_101@hotmail.com", "achieved_degree": null, "first_name": "Zanesh Harish", "since": null, "highlighted": false, "tutor": null, "nalp": false, "email": "z.h.chauhan2@canterbury.ac.uk", "is_part_time": false, "problems": "", "belongs_to": null, "exam_id": null, "address": "", "active": true, "qld": false, "notes": "", "modules": [], "second_part_time_year": false, "phone_no": ""}}, {"pk": "CHA13083158", "model": "database.student", "fields": {"last_name": "Chadwick", "home_address": "", "course": 1, "tier_4": false, "lsp": "", "year": 1, "permanent_email": "Beranubus@me.com", "achieved_degree": null, "first_name": "Tommy", "since": null, "highlighted": false, "tutor": null, "nalp": false, "email": "t.chadwick266@canterbury.ac.uk", "is_part_time": false, "problems": "", "belongs_to": null, "exam_id": null, "address": "", "active": true, "qld": false, "notes": "", "modules": [], "second_part_time_year": false, "phone_no": ""}}, {"pk": "CHA13092194", "model": "database.student", "fields": {"last_name": "Chaffey", "home_address": "", "course": 5, "tier_4": false, "lsp": "", "year": 1, "permanent_email": "jess-chaff@hotmail.co.uk", "achieved_degree": null, "first_name": "Jessica", "since": null, "highlighted": false, "tutor": null, "nalp": false, "email": "j.chaffey824@canterbury.ac.uk", "is_part_time": false, "problems": "", "belongs_to": null, "exam_id": null, "address": "", "active": true, "qld": false, "notes": "", "modules": [], "second_part_time_year": false, "phone_no": ""}}, {"pk": "COU13078610", "model": "database.student", "fields": {"last_name": "Courtnell", "home_address": "", "course": 1, "tier_4": false, "lsp": "", "year": 1, "permanent_email": "annabel.courtnell@hotmail.co.uk", "achieved_degree": null, "first_name": "Annabel Kay", "since": null, "highlighted": false, "tutor": null, "nalp": false, "email": "a.k.courtnell593@canterbury.ac.uk", "is_part_time": false, "problems": "", "belongs_to": null, "exam_id": null, "address": "", "active": true, "qld": false, "notes": "", "modules": [], "second_part_time_year": false, "phone_no": ""}}, {"pk": "COU13092216", "model": "database.student", "fields": {"last_name": "Coulon", "home_address": "", "course": 2, "tier_4": false, "lsp": "", "year": 1, "permanent_email": "dom107x@yahoo.co.uk", "achieved_degree": null, "first_name": "Dominic Georges", "since": null, "highlighted": false, "tutor": null, "nalp": false, "email": "d.g.coulon402@canterbury.ac.uk", "is_part_time": false, "problems": "", "belongs_to": null, "exam_id": null, "address": "", "active": true, "qld": false, "notes": "", "modules": [], "second_part_time_year": false, "phone_no": ""}}, {"pk": "DIC13081437", "model": "database.student", "fields": {"last_name": "Dickason", "home_address": "", "course": 1, "tier_4": false, "lsp": "", "year": 1, "permanent_email": "Charlottedickason91@gmail.com", "achieved_degree": null, "first_name": "Charlotte", "since": null, "highlighted": false, "tutor": null, "nalp": false, "email": "c.dickason362@canterbury.ac.uk", "is_part_time": false, "problems": "", "belongs_to": null, "exam_id": null, "address": "", "active": true, "qld": false, "notes": "", "modules": [], "second_part_time_year": false, "phone_no": ""}}, {"pk": "DIM12069631", "model": "database.student", "fields": {"last_name": "Dimitrov", "home_address": "", "course": 6, "tier_4": false, "lsp": "", "year": 1, "permanent_email": "sascho755@gmail.com", "achieved_degree": null, "first_name": "Alexander Petrov", "since": null, "highlighted": false, "tutor": null, "nalp": false, "email": "a.p.dimitrov369@canterbury.ac.uk", "is_part_time": false, "problems": "", "belongs_to": null, "exam_id": null, "address": "", "active": true, "qld": false, "notes": "", "modules": [], "second_part_time_year": false, "phone_no": ""}}, {"pk": "DOR13092517", "model": "database.student", "fields": {"last_name": "Dorman", "home_address": "", "course": 5, "tier_4": false, "lsp": "", "year": 1, "permanent_email": "elliott.dorman@gmail.com", "achieved_degree": null, "first_name": "Elliott", "since": null, "highlighted": false, "tutor": null, "nalp": false, "email": "e.dorman196@canterbury.ac.uk", "is_part_time": false, "problems": "", "belongs_to": null, "exam_id": null, "address": "", "active": true, "qld": false, "notes": "", "modules": [], "second_part_time_year": false, "phone_no": ""}}, {"pk": "EGY12065203", "model": "database.student", "fields": {"last_name": "Egyapong-Otoo", "home_address": "", "course": 2, "tier_4": false, "lsp": "", "year": 1, "permanent_email": "lawrenciaotoo@yahoo.com", "achieved_degree": null, "first_name": "Lawrencia", "since": null, "highlighted": false, "tutor": null, "nalp": false, "email": "l.egyapong-otoo114@canterbury.ac.uk", "is_part_time": false, "problems": "", "belongs_to": null, "exam_id": null, "address": "", "active": true, "qld": false, "notes": "", "modules": [], "second_part_time_year": false, "phone_no": ""}}, {"pk": "FIN13080444", "model": "database.student", "fields": {"last_name": "Finch", "home_address": "", "course": 4, "tier_4": false, "lsp": "", "year": 1, "permanent_email": "bjfinch95@gmail.com", "achieved_degree": null, "first_name": "Rebecca Jane", "since": null, "highlighted": false, "tutor": null, "nalp": false, "email": "b.j.finch59@canterbury.ac.uk", "is_part_time": false, "problems": "", "belongs_to": null, "exam_id": null, "address": "", "active": true, "qld": false, "notes": "", "modules": [], "second_part_time_year": false, "phone_no": ""}}, {"pk": "FRA13082496", "model": "database.student", "fields": {"last_name": "Francis", "home_address": "", "course": 2, "tier_4": false, "lsp": "", "year": 1, "permanent_email": "lauren.francis@live.co.uk", "achieved_degree": null, "first_name": "Lauren", "since": null, "highlighted": false, "tutor": null, "nalp": false, "email": "l.francis204@canterbury.ac.uk", "is_part_time": false, "problems": "", "belongs_to": null, "exam_id": null, "address": "", "active": true, "qld": false, "notes": "", "modules": [], "second_part_time_year": false, "phone_no": ""}}, {"pk": "GAS13081176", "model": "database.student", "fields": {"last_name": "Gaskell", "home_address": "", "course": 2, "tier_4": false, "lsp": "", "year": 1, "permanent_email": "jordan.gp@btinternet.com", "achieved_degree": null, "first_name": "Jordan Luke", "since": null, "highlighted": false, "tutor": null, "nalp": false, "email": "j.l.gaskell483@canterbury.ac.uk", "is_part_time": false, "problems": "", "belongs_to": null, "exam_id": null, "address": "", "active": true, "qld": false, "notes": "", "modules": [], "second_part_time_year": false, "phone_no": ""}}, {"pk": "GIU13091438", "model": "database.student", "fields": {"last_name": "Giurini", "home_address": "", "course": 2, "tier_4": false, "lsp": "", "year": 1, "permanent_email": "l.giurini@yahoo.com", "achieved_degree": null, "first_name": "Lucia", "since": null, "highlighted": false, "tutor": null, "nalp": false, "email": "l.giurini331@canterbury.ac.uk", "is_part_time": false, "problems": "", "belongs_to": null, "exam_id": null, "address": "", "active": true, "qld": false, "notes": "", "modules": [], "second_part_time_year": false, "phone_no": ""}}, {"pk": "GNA13087925", "model": "database.student", "fields": {"last_name": "Gnanajeyarajah", "home_address": "", "course": 2, "tier_4": false, "lsp": "", "year": 1, "permanent_email": "maria_laisa@hotmail.co.uk", "achieved_degree": null, "first_name": "Maria Laisa", "since": null, "highlighted": false, "tutor": null, "nalp": false, "email": "m.l.gnanajeyarajah329@canterbury.ac.uk", "is_part_time": false, "problems": "", "belongs_to": null, "exam_id": null, "address": "", "active": true, "qld": false, "notes": "", "modules": [], "second_part_time_year": false, "phone_no": ""}}, {"pk": "GOO13088049", "model": "database.student", "fields": {"last_name": "Goodayle", "home_address": "", "course": 2, "tier_4": false, "lsp": "", "year": 1, "permanent_email": "daniellegoodayle@hotmail.com", "achieved_degree": null, "first_name": "Danielle", "since": null, "highlighted": false, "tutor": null, "nalp": false, "email": "d.goodayle224@canterbury.ac.uk", "is_part_time": false, "problems": "", "belongs_to": null, "exam_id": null, "address": "", "active": true, "qld": false, "notes": "", "modules": [], "second_part_time_year": false, "phone_no": ""}}, {"pk": "GRE13078765", "model": "database.student", "fields": {"last_name": "Green", "home_address": "", "course": 2, "tier_4": false, "lsp": "", "year": 1, "permanent_email": "emma10green@msn.com", "achieved_degree": null, "first_name": "Emma", "since": null, "highlighted": false, "tutor": null, "nalp": false, "email": "e.green208@canterbury.ac.uk", "is_part_time": false, "problems": "", "belongs_to": null, "exam_id": null, "address": "", "active": true, "qld": false, "notes": "", "modules": [], "second_part_time_year": false, "phone_no": ""}}, {"pk": "HAR13091314", "model": "database.student", "fields": {"last_name": "Hart", "home_address": "", "course": 2, "tier_4": false, "lsp": "", "year": 1, "permanent_email": "Loumay1@aol.com", "achieved_degree": null, "first_name": "Louise", "since": null, "highlighted": false, "tutor": null, "nalp": false, "email": "l.hart426@canterbury.ac.uk", "is_part_time": false, "problems": "", "belongs_to": null, "exam_id": null, "address": "", "active": true, "qld": false, "notes": "", "modules": [], "second_part_time_year": false, "phone_no": ""}}, {"pk": "HEM13080261", "model": "database.student", "fields": {"last_name": "Hemmett Fuller", "home_address": "", "course": 2, "tier_4": false, "lsp": "", "year": 1, "permanent_email": "chloelouhf@hotmail.co.uk", "achieved_degree": null, "first_name": "Chloe", "since": null, "highlighted": false, "tutor": null, "nalp": false, "email": "c.hemmett-fuller529@canterbury.ac.uk", "is_part_time": false, "problems": "", "belongs_to": null, "exam_id": null, "address": "", "active": true, "qld": false, "notes": "", "modules": [], "second_part_time_year": false, "phone_no": ""}}, {"pk": "HOL13080360", "model": "database.student", "fields": {"last_name": "Holbourne", "home_address": "", "course": 2, "tier_4": false, "lsp": "", "year": 1, "permanent_email": "amylholbourne@hotmail.com", "achieved_degree": null, "first_name": "Amy", "since": null, "highlighted": false, "tutor": null, "nalp": false, "email": "a.holbourne558@canterbury.ac.uk", "is_part_time": false, "problems": "", "belongs_to": null, "exam_id": null, "address": "", "active": true, "qld": false, "notes": "", "modules": [], "second_part_time_year": false, "phone_no": ""}}, {"pk": "HOO13083379", "model": "database.student", "fields": {"last_name": "Hook", "home_address": "", "course": 4, "tier_4": false, "lsp": "", "year": 1, "permanent_email": "Duchess26@me.com", "achieved_degree": null, "first_name": "Emily", "since": null, "highlighted": false, "tutor": null, "nalp": false, "email": "e.hook271@canterbury.ac.uk", "is_part_time": false, "problems": "", "belongs_to": null, "exam_id": null, "address": "", "active": true, "qld": false, "notes": "", "modules": [], "second_part_time_year": false, "phone_no": ""}}, {"pk": "HUS13081862", "model": "database.student", "fields": {"last_name": "Hussein", "home_address": "", "course": 4, "tier_4": false, "lsp": "", "year": 1, "permanent_email": "shada22@live.co.uk", "achieved_degree": null, "first_name": "Shada", "since": null, "highlighted": false, "tutor": null, "nalp": false, "email": "s.hussein746@canterbury.ac.uk", "is_part_time": false, "problems": "", "belongs_to": null, "exam_id": null, "address": "", "active": true, "qld": false, "notes": "", "modules": [], "second_part_time_year": false, "phone_no": ""}}, {"pk": "JON13078748", "model": "database.student", "fields": {"last_name": "Jones", "home_address": "", "course": 1, "tier_4": false, "lsp": "", "year": 1, "permanent_email": "laurenjones_x@hotmail.com", "achieved_degree": null, "first_name": "Lauren", "since": null, "highlighted": false, "tutor": null, "nalp": false, "email": "l.jones170@canterbury.ac.uk", "is_part_time": false, "problems": "", "belongs_to": null, "exam_id": null, "address": "", "active": true, "qld": false, "notes": "", "modules": [], "second_part_time_year": false, "phone_no": ""}}, {"pk": "KAJ12062833", "model": "database.student", "fields": {"last_name": "Kaj", "home_address": "", "course": 2, "tier_4": false, "lsp": "", "year": 1, "permanent_email": "theresakaj@hotmail.co.uk", "achieved_degree": null, "first_name": "Theresa", "since": null, "highlighted": false, "tutor": null, "nalp": false, "email": "t.kaj120@canterbury.ac.uk", "is_part_time": false, "problems": "", "belongs_to": null, "exam_id": null, "address": "", "active": true, "qld": false, "notes": "", "modules": [], "second_part_time_year": false, "phone_no": ""}}, {"pk": "KIR13086616", "model": "database.student", "fields": {"last_name": "Kirkham", "home_address": "", "course": 2, "tier_4": false, "lsp": "", "year": 1, "permanent_email": "johnkirkham@live.co.uk", "achieved_degree": null, "first_name": "John", "since": null, "highlighted": false, "tutor": null, "nalp": false, "email": "j.kirkham266@canterbury.ac.uk", "is_part_time": false, "problems": "", "belongs_to": null, "exam_id": null, "address": "", "active": true, "qld": false, "notes": "", "modules": [], "second_part_time_year": false, "phone_no": ""}}, {"pk": "KOU13075654", "model": "database.student", "fields": {"last_name": "Koullourou", "home_address": "", "course": 2, "tier_4": false, "lsp": "", "year": 1, "permanent_email": "f_huhx@hotmail.com", "achieved_degree": null, "first_name": "Fani", "since": null, "highlighted": false, "tutor": null, "nalp": false, "email": "f.koullourou72@canterbury.ac.uk", "is_part_time": false, "problems": "", "belongs_to": null, "exam_id": null, "address": "", "active": true, "qld": false, "notes": "", "modules": [], "second_part_time_year": false, "phone_no": ""}}, {"pk": "MAL13083544", "model": "database.student", "fields": {"last_name": "Malih", "home_address": "", "course": 2, "tier_4": false, "lsp": "", "year": 1, "permanent_email": "saisai101@yahoo.com", "achieved_degree": null, "first_name": "Simon", "since": null, "highlighted": false, "tutor": null, "nalp": false, "email": "s.malih871@canterbury.ac.uk", "is_part_time": false, "problems": "", "belongs_to": null, "exam_id": null, "address": "", "active": true, "qld": false, "notes": "", "modules": [], "second_part_time_year": false, "phone_no": ""}}, {"pk": "MAN13087904", "model": "database.student", "fields": {"last_name": "Mansfield", "home_address": "", "course": 2, "tier_4": false, "lsp": "", "year": 1, "permanent_email": "mike_mansfield@live.com", "achieved_degree": null, "first_name": "Michael", "since": null, "highlighted": false, "tutor": null, "nalp": false, "email": "m.mansfield640@canterbury.ac.uk", "is_part_time": false, "problems": "", "belongs_to": null, "exam_id": null, "address": "", "active": true, "qld": false, "notes": "", "modules": [], "second_part_time_year": false, "phone_no": ""}}, {"pk": "MAS13083654", "model": "database.student", "fields": {"last_name": "Mascoll", "home_address": "", "course": 2, "tier_4": false, "lsp": "", "year": 1, "permanent_email": "rmascoll@hotmail.co.uk", "achieved_degree": null, "first_name": "Ryan", "since": null, "highlighted": false, "tutor": null, "nalp": false, "email": "r.mascoll448@canterbury.ac.uk", "is_part_time": false, "problems": "", "belongs_to": null, "exam_id": null, "address": "", "active": true, "qld": false, "notes": "", "modules": [], "second_part_time_year": false, "phone_no": ""}}, {"pk": "MCC13080522", "model": "database.student", "fields": {"last_name": "McCann", "home_address": "", "course": 2, "tier_4": false, "lsp": "", "year": 1, "permanent_email": "connormccnn@googlemail.com", "achieved_degree": null, "first_name": "Connor", "since": null, "highlighted": false, "tutor": null, "nalp": false, "email": "c.mccann641@canterbury.ac.uk", "is_part_time": false, "problems": "", "belongs_to": null, "exam_id": null, "address": "", "active": true, "qld": false, "notes": "", "modules": [], "second_part_time_year": false, "phone_no": ""}}, {"pk": "MOH12062307", "model": "database.student", "fields": {"last_name": "Mohajer", "home_address": "", "course": 3, "tier_4": false, "lsp": "", "year": 1, "permanent_email": "jamy94@hotmail.co.uk", "achieved_degree": null, "first_name": "James", "since": null, "highlighted": false, "tutor": null, "nalp": false, "email": "j.mohajer789@canterbury.ac.uk", "is_part_time": false, "problems": "", "belongs_to": null, "exam_id": null, "address": "", "active": true, "qld": false, "notes": "", "modules": [], "second_part_time_year": false, "phone_no": ""}}, {"pk": "MOY13083222", "model": "database.student", "fields": {"last_name": "Moyseos", "home_address": "", "course": 2, "tier_4": false, "lsp": "", "year": 1, "permanent_email": "melinamoyseos@live.com", "achieved_degree": null, "first_name": "Melanthia", "since": null, "highlighted": false, "tutor": null, "nalp": false, "email": "m.moyseos634@canterbury.ac.uk", "is_part_time": false, "problems": "", "belongs_to": null, "exam_id": null, "address": "", "active": true, "qld": false, "notes": "", "modules": [], "second_part_time_year": false, "phone_no": ""}}, {"pk": "MUT13081150", "model": "database.student", "fields": {"last_name": "Mutangilayi", "home_address": "", "course": 7, "tier_4": false, "lsp": "", "year": 1, "permanent_email": "Kimlayer@hotmail.co.uk", "achieved_degree": null, "first_name": "Dorcas Kim Lea", "since": null, "highlighted": false, "tutor": null, "nalp": false, "email": "d.k.mutangilayi407@canterbury.ac.uk", "is_part_time": false, "problems": "", "belongs_to": null, "exam_id": null, "address": "", "active": true, "qld": false, "notes": "", "modules": [], "second_part_time_year": false, "phone_no": ""}}, {"pk": "NAN12073288", "model": "database.student", "fields": {"last_name": "Nanou", "home_address": "", "course": 2, "tier_4": false, "lsp": "", "year": 1, "permanent_email": "aidinhel@otenet.gr", "achieved_degree": null, "first_name": "Aikaterini-Ioanna", "since": null, "highlighted": false, "tutor": null, "nalp": false, "email": "a.i.nanou173@canterbury.ac.uk", "is_part_time": false, "problems": "", "belongs_to": null, "exam_id": null, "address": "", "active": true, "qld": false, "notes": "", "modules": [], "second_part_time_year": false, "phone_no": ""}}, {"pk": "NAS13081509", "model": "database.student", "fields": {"last_name": "Nash", "home_address": "", "course": 2, "tier_4": false, "lsp": "", "year": 1, "permanent_email": "jambomale@hotmail.co.uk", "achieved_degree": null, "first_name": "Ajay", "since": null, "highlighted": false, "tutor": null, "nalp": false, "email": "j.nash172@canterbury.ac.uk", "is_part_time": false, "problems": "", "belongs_to": null, "exam_id": null, "address": "", "active": true, "qld": false, "notes": "", "modules": [], "second_part_time_year": false, "phone_no": ""}}, {"pk": "PAR13090805", "model": "database.student", "fields": {"last_name": "Parker", "home_address": "", "course": 2, "tier_4": false, "lsp": "", "year": 1, "permanent_email": "macauley_parker@hotmail.com", "achieved_degree": null, "first_name": "Macauley", "since": null, "highlighted": false, "tutor": null, "nalp": false, "email": "m.parker372@canterbury.ac.uk", "is_part_time": false, "problems": "", "belongs_to": null, "exam_id": null, "address": "", "active": true, "qld": false, "notes": "", "modules": [], "second_part_time_year": false, "phone_no": ""}}, {"pk": "PAY12061941", "model": "database.student", "fields": {"last_name": "Payne", "home_address": "", "course": 4, "tier_4": false, "lsp": "", "year": 1, "permanent_email": "rachelpayne28@gmail.com", "achieved_degree": null, "first_name": "Rachel", "since": null, "highlighted": false, "tutor": null, "nalp": false, "email": "r.payne230@canterbury.ac.uk", "is_part_time": false, "problems": "", "belongs_to": null, "exam_id": null, "address": "", "active": true, "qld": false, "notes": "", "modules": [], "second_part_time_year": false, "phone_no": ""}}, {"pk": "PET09006449", "model": "database.student", "fields": {"last_name": "Petrov", "home_address": "", "course": 3, "tier_4": false, "lsp": "", "year": 1, "permanent_email": "martin.petrov01@gmail.com", "achieved_degree": null, "first_name": "Martin", "since": null, "highlighted": false, "tutor": null, "nalp": false, "email": "m.petrov237@canterbury.ac.uk", "is_part_time": false, "problems": "", "belongs_to": null, "exam_id": null, "address": "", "active": true, "qld": false, "notes": "", "modules": [], "second_part_time_year": false, "phone_no": ""}}, {"pk": "PIE13083792", "model": "database.student", "fields": {"last_name": "Piesley", "home_address": "", "course": 2, "tier_4": false, "lsp": "", "year": 1, "permanent_email": "shaunpiesley1414@live.co.uk", "achieved_degree": null, "first_name": "Shaun", "since": null, "highlighted": false, "tutor": null, "nalp": false, "email": "s.piesley505@canterbury.ac.uk", "is_part_time": false, "problems": "", "belongs_to": null, "exam_id": null, "address": "", "active": true, "qld": false, "notes": "", "modules": [], "second_part_time_year": false, "phone_no": ""}}, {"pk": "PRI13080580", "model": "database.student", "fields": {"last_name": "Pring", "home_address": "", "course": 5, "tier_4": false, "lsp": "", "year": 1, "permanent_email": "rachelpring93@googlemail.com", "achieved_degree": null, "first_name": "Rachel", "since": null, "highlighted": false, "tutor": null, "nalp": false, "email": "r.pring240@canterbury.ac.uk", "is_part_time": false, "problems": "", "belongs_to": null, "exam_id": null, "address": "", "active": true, "qld": false, "notes": "", "modules": [], "second_part_time_year": false, "phone_no": ""}}, {"pk": "RAT13090608", "model": "database.student", "fields": {"last_name": "Rattigan", "home_address": "", "course": 5, "tier_4": false, "lsp": "", "year": 1, "permanent_email": "messy7@hotmail.co.uk", "achieved_degree": null, "first_name": "Joseph", "since": null, "highlighted": false, "tutor": null, "nalp": false, "email": "j.rattigan462@canterbury.ac.uk", "is_part_time": false, "problems": "", "belongs_to": null, "exam_id": null, "address": "", "active": true, "qld": false, "notes": "", "modules": [], "second_part_time_year": false, "phone_no": ""}}, {"pk": "ROB12073162", "model": "database.student", "fields": {"last_name": "Robertson", "home_address": "", "course": 2, "tier_4": false, "lsp": "", "year": 1, "permanent_email": "arobertson7@hotmail.co.uk", "achieved_degree": null, "first_name": "Ashleigh Chantelle Nina", "since": null, "highlighted": false, "tutor": null, "nalp": false, "email": "a.c.robertson364@canterbury.ac.uk", "is_part_time": false, "problems": "", "belongs_to": null, "exam_id": null, "address": "", "active": true, "qld": false, "notes": "", "modules": [], "second_part_time_year": false, "phone_no": ""}}, {"pk": "RON13082473", "model": "database.student", "fields": {"last_name": "Ronkowska", "home_address": "", "course": 1, "tier_4": false, "lsp": "", "year": 1, "permanent_email": "ronkd001@googlemail.com", "achieved_degree": null, "first_name": "Dominika Kinga", "since": null, "highlighted": false, "tutor": null, "nalp": false, "email": "d.k.ronkowska185@canterbury.ac.uk", "is_part_time": false, "problems": "", "belongs_to": null, "exam_id": null, "address": "", "active": true, "qld": false, "notes": "", "modules": [], "second_part_time_year": false, "phone_no": ""}}, {"pk": "SAM13088098", "model": "database.student", "fields": {"last_name": "Samarasinghe", "home_address": "", "course": 1, "tier_4": false, "lsp": "", "year": 1, "permanent_email": "juliesamarasinghe@outlook.com", "achieved_degree": null, "first_name": "Julie Anne", "since": null, "highlighted": false, "tutor": null, "nalp": false, "email": "j.a.samarasinghe779@canterbury.ac.uk", "is_part_time": false, "problems": "", "belongs_to": null, "exam_id": null, "address": "", "active": true, "qld": false, "notes": "", "modules": [], "second_part_time_year": false, "phone_no": ""}}, {"pk": "SIZ13089180", "model": "database.student", "fields": {"last_name": "Size", "home_address": "", "course": 2, "tier_4": false, "lsp": "", "year": 1, "permanent_email": "nashsize@gmail.com", "achieved_degree": null, "first_name": "Nyasha", "since": null, "highlighted": false, "tutor": null, "nalp": false, "email": "n.size321@canterbury.ac.uk", "is_part_time": false, "problems": "", "belongs_to": null, "exam_id": null, "address": "", "active": true, "qld": false, "notes": "", "modules": [], "second_part_time_year": false, "phone_no": ""}}, {"pk": "SOM13074394", "model": "database.student", "fields": {"last_name": "Somers", "home_address": "", "course": 2, "tier_4": false, "lsp": "", "year": 1, "permanent_email": "samanthachloesomers93@hotmail.com", "achieved_degree": null, "first_name": "Samantha", "since": null, "highlighted": false, "tutor": null, "nalp": false, "email": "s.somers734@canterbury.ac.uk", "is_part_time": false, "problems": "", "belongs_to": null, "exam_id": null, "address": "", "active": true, "qld": false, "notes": "", "modules": [], "second_part_time_year": false, "phone_no": ""}}, {"pk": "STY13080617", "model": "database.student", "fields": {"last_name": "Styles", "home_address": "", "course": 2, "tier_4": false, "lsp": "", "year": 1, "permanent_email": "Dan-dandan@hotmail.co.uk", "achieved_degree": null, "first_name": "Daniel James", "since": null, "highlighted": false, "tutor": null, "nalp": false, "email": "d.j.styles387@canterbury.ac.uk", "is_part_time": false, "problems": "", "belongs_to": null, "exam_id": null, "address": "", "active": true, "qld": false, "notes": "", "modules": [], "second_part_time_year": false, "phone_no": ""}}, {"pk": "SUN13091303", "model": "database.student", "fields": {"last_name": "Sunnucks", "home_address": "", "course": 2, "tier_4": false, "lsp": "", "year": 1, "permanent_email": "jessica_sunnucks@hotmail.com", "achieved_degree": null, "first_name": "Jessica", "since": null, "highlighted": false, "tutor": null, "nalp": false, "email": "j.sunnucks805@canterbury.ac.uk", "is_part_time": false, "problems": "", "belongs_to": null, "exam_id": null, "address": "", "active": true, "qld": false, "notes": "", "modules": [], "second_part_time_year": false, "phone_no": ""}}, {"pk": "TAK13091305", "model": "database.student", "fields": {"last_name": "Takagi", "home_address": "", "course": 5, "tier_4": false, "lsp": "", "year": 1, "permanent_email": "isca.elona@gmail.com", "achieved_degree": null, "first_name": "Ryuta", "since": null, "highlighted": false, "tutor": null, "nalp": false, "email": "r.takagi210@canterbury.ac.uk", "is_part_time": false, "problems": "", "belongs_to": null, "exam_id": null, "address": "", "active": true, "qld": false, "notes": "", "modules": [], "second_part_time_year": false, "phone_no": ""}}, {"pk": "TOW13077913", "model": "database.student", "fields": {"last_name": "Townley", "home_address": "", "course": 2, "tier_4": false, "lsp": "", "year": 1, "permanent_email": "ellie_townley@hotmail.co.uk", "achieved_degree": null, "first_name": "Ellie", "since": null, "highlighted": false, "tutor": null, "nalp": false, "email": "e.townley147@canterbury.ac.uk", "is_part_time": false, "problems": "", "belongs_to": null, "exam_id": null, "address": "", "active": true, "qld": false, "notes": "", "modules": [], "second_part_time_year": false, "phone_no": ""}}, {"pk": "WHI13084978", "model": "database.student", "fields": {"last_name": "White", "home_address": "", "course": 5, "tier_4": false, "lsp": "", "year": 1, "permanent_email": "fam-blanc_121@tiscali.co.uk", "achieved_degree": null, "first_name": "Sarah Jane", "since": null, "highlighted": false, "tutor": null, "nalp": false, "email": "s.j.white563@canterbury.ac.uk", "is_part_time": false, "problems": "", "belongs_to": null, "exam_id": null, "address": "", "active": true, "qld": false, "notes": "", "modules": [], "second_part_time_year": false, "phone_no": ""}}, {"pk": "WIL13087853", "model": "database.student", "fields": {"last_name": "Wilson", "home_address": "", "course": 2, "tier_4": false, "lsp": "", "year": 1, "permanent_email": "deanwilson2827@gmail.com", "achieved_degree": null, "first_name": "Dean Christopher", "since": null, "highlighted": false, "tutor": null, "nalp": false, "email": "d.c.wilson256@canterbury.ac.uk", "is_part_time": false, "problems": "", "belongs_to": null, "exam_id": null, "address": "", "active": true, "qld": false, "notes": "", "modules": [], "second_part_time_year": false, "phone_no": ""}}, {"pk": "WIN13080845", "model": "database.student", "fields": {"last_name": "Wing", "home_address": "", "course": 2, "tier_4": false, "lsp": "", "year": 1, "permanent_email": "JordanWing@Blueyonder.co.uk", "achieved_degree": null, "first_name": "Jordan", "since": null, "highlighted": false, "tutor": null, "nalp": false, "email": "j.wing666@canterbury.ac.uk", "is_part_time": false, "problems": "", "belongs_to": null, "exam_id": null, "address": "", "active": true, "qld": false, "notes": "", "modules": [], "second_part_time_year": false, "phone_no": ""}}, {"pk": "WRI13073984", "model": "database.student", "fields": {"last_name": "Wright", "home_address": "", "course": 2, "tier_4": false, "lsp": "", "year": 1, "permanent_email": "emma.wright94@hotmail.co.uk", "achieved_degree": null, "first_name": "Emma Daisy", "since": null, "highlighted": false, "tutor": null, "nalp": false, "email": "e.d.wright206@canterbury.ac.uk", "is_part_time": false, "problems": "", "belongs_to": null, "exam_id": null, "address": "", "active": true, "qld": false, "notes": "", "modules": [], "second_part_time_year": false, "phone_no": ""}}]